customer_id,snapshot_month,snapshot_date,tenure_months,sex,geo_region,town_or_city,country,gross_income,other_income,income_proxy,job_title,employment_type,employment_status,market_segment,risk_level,risk_score,credit_rating,barclaycard_grade,solicitation_channel,acquisition_campaign,num_active_products,has_investment,current_count,savings_count,investment_count,secured_count,unsecured_count,has_mortgage,recency_days,frequency_30d,frequency_90d,frequency_12m,monetary_30d,monetary_90d,monetary_12m,max_transaction_value_12m,active_days_30d,active_days_90d,avg_transaction_value_12m,credits_30d,credits_90d,debits_30d,debits_90d,net_cashflow_30d,net_cashflow_90d,inbound_vs_outbound_ratio_90d,interest_rate,other_bank_name,other_bank_cde,txn_count_30d,txn_count_90d,txn_count_180d,vol_30d,vol_90d,vol_180d,vol_ratio_30_180,vol_ratio_30_90,txn_count_change_pct_90d,large_outflow_count_30d,large_outflow_amount_30d,days_to_dormancy,lifecycle_status_at_snapshot,future_txn_count_90d,churn_30d,churn_90d
C00001,2026-09-01,2026-09-30,121,M,Copperbelt,Ndola,Zambia,13623.17,79.61,12198.91,Trader,CASUAL,ACTIVE,SME,LOW,278.57,A,A,CALL_CENTRE,,3,1,0,2,1,0,0,1,,0,0,0,0.0,0.0,0.0,0.0,0,0,,0.0,0.0,0.0,0.0,0.0,0.0,,26.3215,,,,,,,,,,,,,,,,,,
C00002,2026-09-01,2026-09-30,2,F,Lusaka,Kabwe,Zambia,12566.77,374.48,10511.45,Manager,PERMANENT,ACTIVE,SME,MEDIUM,224.38,C,A,BRANCH,,4,0,0,1,0,1,1,0,,0,0,0,0.0,0.0,0.0,0.0,0,0,,0.0,0.0,0.0,0.0,0.0,0.0,,14.2903,INVESTRUST,INVE,,,,,,,,,,,,,,,,
C00003,2026-09-01,2026-09-30,12,M,Copperbelt,Kabwe,Zambia,8140.49,2809.96,6768.29,Nurse,CONTRACT,ACTIVE,SME,LOW,784.25,A,B,AGENT,,5,1,1,1,1,0,1,1,,0,0,0,0.0,0.0,0.0,0.0,0,0,,0.0,0.0,0.0,0.0,0.0,0.0,,21.965,,,,,,,,,,,,,,,,,,
C00004,2026-09-01,2026-09-30,76,M,Copperbelt,Kabwe,Zambia,13482.32,2654.05,12336.07,Farmer,CONTRACT,ACTIVE,SME,LOW,283.24,A,B,MOBILE,,5,0,1,1,0,0,2,0,,0,0,0,0.0,0.0,0.0,0.0,0,0,,0.0,0.0,0.0,0.0,0.0,0.0,,18.1774,INVESTRUST,INVE,,,,,,,,,,,,,,,,
C00005,2026-09-01,2026-09-30,104,F,Copperbelt,Kabwe,Zambia,5679.59,2041.44,4430.94,Nurse,CASUAL,ON_LEAVE,MASS,MEDIUM,818.26,D,D,MOBILE,,1,1,0,0,1,0,0,0,,0,0,0,0.0,0.0,0.0,0.0,0,0,,0.0,0.0,0.0,0.0,0.0,0.0,,8.0513,,,,,,,,,,,,,,,,,,
C00006,2026-09-01,2026-09-30,96,M,Northern,Solwezi,Zambia,6108.99,2737.88,4713.95,Driver,CONTRACT,ACTIVE,MASS,MEDIUM,714.88,C,D,BRANCH,CAMP08,4,0,1,1,0,1,0,0,,0,0,0,0.0,0.0,0.0,0.0,0,0,,0.0,0.0,0.0,0.0,0.0,0.0,,15.6594,INVESTRUST,INVE,,,,,,,,,,,,,,,,
C00007,2026-09-01,2026-09-30,104,M,Lusaka,Kabwe,Zambia,13177.78,207.64,10965.12,Engineer,CONTRACT,ON_LEAVE,MASS,MEDIUM,490.88,A,A,MOBILE,CAMP03,3,0,1,0,0,0,2,0,,0,0,0,0.0,0.0,0.0,0.0,0,0,,0.0,0.0,0.0,0.0,0.0,0.0,,18.519,,,,,,,,,,,,,,,,,,
C00008,2026-09-01,2026-09-30,105,F,Lusaka,Ndola,Zambia,7168.04,1014.26,6365.5,Trader,CONTRACT,ACTIVE,AFFLUENT,HIGH,704.21,B,B,MOBILE,CAMP02,8,1,1,2,1,1,2,0,,0,0,0,0.0,0.0,0.0,0.0,0,0,,0.0,0.0,0.0,0.0,0.0,0.0,,25.7488,,,,,,,,,,,,,,,,,,
C00009,2026-09-01,2026-09-30,37,M,Eastern,Ndola,Zambia,4169.49,1976.95,3914.5,Clerk,CASUAL,ON_LEAVE,SME,LOW,511.32,C,,AGENT,CAMP07,4,0,0,2,0,1,0,0,,0,0,0,0.0,0.0,0.0,0.0,0,0,,0.0,0.0,0.0,0.0,0.0,0.0,,13.8674,STANBIC,STAN,,,,,,,,,,,,,,,,
C00010,2026-09-01,2026-09-30,130,M,Southern,Livingstone,Zambia,7745.55,2769.8,6971.4,Farmer,PERMANENT,ACTIVE,RETAIL,MEDIUM,682.57,A,B,ONLINE,,2,1,0,0,1,0,1,0,,0,0,0,0.0,0.0,0.0,0.0,0,0,,0.0,0.0,0.0,0.0,0.0,0.0,,25.9782,FNB,FNB,,,,,,,,,,,,,,,,
C00011,2026-09-01,2026-09-30,38,F,Southern,Livingstone,Zambia,18021.6,2191.52,18018.21,Farmer,CONTRACT,ACTIVE,YOUTH,MEDIUM,271.0,D,C,BRANCH,,4,0,0,1,0,1,1,1,,0,0,0,0.0,0.0,0.0,0.0,0,0,,0.0,0.0,0.0,0.0,0.0,0.0,,25.0667,FNB,FNB,,,,,,,,,,,,,,,,
C00012,2026-09-01,2026-09-30,9,M,Northern,Lusaka,Zambia,17529.89,705.61,16189.76,Nurse,CONTRACT,ACTIVE,SME,LOW,140.11,D,C,CALL_CENTRE,,2,0,2,0,0,0,0,0,,0,0,0,0.0,0.0,0.0,0.0,0,0,,0.0,0.0,0.0,0.0,0.0,0.0,,24.6568,STANBIC,STAN,,,,,,,,,,,,,,,,
C00013,2026-09-01,2026-09-30,129,F,Lusaka,Lusaka,Zambia,12540.57,2995.36,12177.16,Nurse,PERMANENT,ACTIVE,SME,LOW,635.78,C,B,ONLINE,CAMP06,5,0,1,1,0,1,1,0,,0,0,0,0.0,0.0,0.0,0.0,0,0,,0.0,0.0,0.0,0.0,0.0,0.0,,20.9268,INVESTRUST,INVE,,,,,,,,,,,,,,,,
C00014,2026-09-01,2026-09-30,61,M,Copperbelt,Kitwe,Zambia,4654.86,321.11,3769.31,Engineer,SELF_EMPLOYED,ACTIVE,SME,MEDIUM,226.2,E,C,MOBILE,CAMP08,7,0,2,2,0,1,2,0,,0,0,0,0.0,0.0,0.0,0.0,0,0,,0.0,0.0,0.0,0.0,0.0,0.0,,18.0359,STANBIC,STAN,,,,,,,,,,,,,,,,
C00015,2026-09-01,2026-09-30,46,F,Copperbelt,Kabwe,Zambia,24535.35,484.75,19867.07,Farmer,CASUAL,ACTIVE,MASS,MEDIUM,300.9,A,,BRANCH,CAMP05,5,1,2,1,1,0,0,1,,0,0,0,0.0,0.0,0.0,0.0,0,0,,0.0,0.0,0.0,0.0,0.0,0.0,,23.8136,INVESTRUST,INVE,,,,,,,,,,,,,,,,
