customer_id,as_of_date,credits_7d,debits_7d,net_cashflow_7d,credits_30d,credits_90d,debits_30d,debits_90d,net_cashflow_30d,net_cashflow_90d,large_inflow_count_30d,large_outflow_count_30d,day_of_month,day_of_week,month_of_year,is_month_end,is_month_start,sin_day_of_month,cos_day_of_month,sin_month_of_year,cos_month_of_year,balance_t,balance_t_minus_30,ma_30d,std_30d,target_dab_30d,target_dab_60d,target_dab_90d
C00001,2024-06-01,0.0,0.0,0.0,0.0,1855.03,2007.46,4514.55,-2007.46,-2659.52,0,0,1,6,6,0,1,0.20129852008866006,0.9795299412524945,1.2246467991473532e-16,-1.0,,,,,,,
C00002,2024-06-01,0.0,1050.15,-1050.15,0.0,4814.54,1050.15,3584.26,-1050.15,1230.28,0,0,1,6,6,0,1,0.20129852008866006,0.9795299412524945,1.2246467991473532e-16,-1.0,,,,,,,
C00003,2024-06-01,0.0,0.0,0.0,0.0,1090.4,1337.64,1876.24,-1337.64,-785.84,0,0,1,6,6,0,1,0.20129852008866006,0.9795299412524945,1.2246467991473532e-16,-1.0,,,,,,,
C00004,2024-06-01,0.0,0.0,0.0,0.0,0.0,0.0,0.0,0.0,0.0,0,0,1,6,6,0,1,0.20129852008866006,0.9795299412524945,1.2246467991473532e-16,-1.0,,,,,,,
C00005,2024-06-01,0.0,0.0,0.0,780.48,5700.96,0.0,1896.7,780.48,3804.26,0,0,1,6,6,0,1,0.20129852008866006,0.9795299412524945,1.2246467991473532e-16,-1.0,,,,,,,
C00006,2024-06-01,0.0,1006.03,-1006.03,0.0,1946.02,1006.03,1724.82,-1006.03,221.2,0,0,1,6,6,0,1,0.20129852008866006,0.9795299412524945,1.2246467991473532e-16,-1.0,,,,,,,
C00007,2024-06-01,0.0,0.0,0.0,3842.03,3842.03,0.0,1611.69,3842.03,2230.34,0,0,1,6,6,0,1,0.20129852008866006,0.9795299412524945,1.2246467991473532e-16,-1.0,,,,,,,
C00008,2024-06-01,0.0,0.0,0.0,0.0,0.0,0.0,0.0,0.0,0.0,0,0,1,6,6,0,1,0.20129852008866006,0.9795299412524945,1.2246467991473532e-16,-1.0,,,,,,,
C00009,2024-06-01,0.0,0.0,0.0,0.0,0.0,2248.82,5526.2,-2248.82,-5526.2,0,0,1,6,6,0,1,0.20129852008866006,0.9795299412524945,1.2246467991473532e-16,-1.0,,,,,,,
C00010,2024-06-01,2281.47,0.0,2281.47,2281.47,2281.47,0.0,5377.8,2281.47,-3096.33,0,0,1,6,6,0,1,0.20129852008866006,0.9795299412524945,1.2246467991473532e-16,-1.0,,,,,,,
C00011,2024-06-01,0.0,0.0,0.0,0.0,3474.35,1602.15,3743.44,-1602.15,-269.09,0,0,1,6,6,0,1,0.20129852008866006,0.9795299412524945,1.2246467991473532e-16,-1.0,,,,,,,
C00012,2024-06-01,0.0,0.0,0.0,0.0,0.0,0.0,0.0,0.0,0.0,0,0,1,6,6,0,1,0.20129852008866006,0.9795299412524945,1.2246467991473532e-16,-1.0,,,,,,,
C00013,2024-06-01,0.0,0.0,0.0,4872.76,5811.0,0.0,1583.42,4872.76,4227.58,0,0,1,6,6,0,1,0.20129852008866006,0.9795299412524945,1.2246467991473532e-16,-1.0,,,,,,,
C00014,2024-06-01,2279.99,0.0,2279.99,2279.99,5404.08,0.0,12398.65,2279.99,-6994.57,0,0,1,6,6,0,1,0.20129852008866006,0.9795299412524945,1.2246467991473532e-16,-1.0,,,,,,,
C00015,2024-06-01,0.0,0.0,0.0,502.07,502.07,2998.73,13397.34,-2496.66,-12895.27,0,0,1,6,6,0,1,0.20129852008866006,0.9795299412524945,1.2246467991473532e-16,-1.0,,,,,,,
