customer_id,snapshot_month,snapshot_date,tenure_months,sex,geo_region,town_or_city,country,gross_income,other_income,income_proxy,job_title,employment_type,employment_status,market_segment,risk_level,risk_score,credit_rating,barclaycard_grade,solicitation_channel,acquisition_campaign,num_active_products,has_investment,current_count,savings_count,investment_count,secured_count,unsecured_count,has_mortgage,recency_days,frequency_30d,frequency_90d,frequency_12m,monetary_30d,monetary_90d,monetary_12m,max_transaction_value_12m,active_days_30d,active_days_90d,avg_transaction_value_12m,credits_30d,credits_90d,debits_30d,debits_90d,net_cashflow_30d,net_cashflow_90d,inbound_vs_outbound_ratio_90d,interest_rate,other_bank_name,other_bank_cde,fee_income_m1,fee_income_12m,avg_monthly_fee_12m,card_spend_12m,num_products_opened_12m,num_products_closed_12m,product_net_12m,nii_m1,avg_monthly_nii_12m,target_fee_income_12m,target_clv_12m,target_margin_12m,total_revenue_proxy_12m
C00001,2024-06-01,2024-06-30,121,M,Copperbelt,Ndola,Zambia,13623.17,79.61,12198.91,Trader,CASUAL,ACTIVE,SME,LOW,278.57,A,A,CALL_CENTRE,,3,1,0,2,1,0,0,1,3,4,6,7,11105.12,14967.61,17474.7,3947.5,4,6,2496.3857142857146,7643.49,9498.52,3461.63,5469.09,4181.86,4029.43,1.7367642514568238,26.3215,,,55.45,210.44,70.14666666666666,0.0,0,0,0,0.0,0.0,248.64,248.64,0.0,210.44
C00002,2024-06-01,2024-06-30,2,F,Lusaka,Kabwe,Zambia,12566.77,374.48,10511.45,Manager,PERMANENT,ACTIVE,SME,MEDIUM,224.38,C,A,BRANCH,,4,0,0,1,0,1,1,0,3,3,5,6,7375.24,13239.93,15774.04,4814.54,3,5,2629.0066666666667,4502.55,9317.09,2872.69,3922.84,1629.86,5394.25,2.375087946487749,14.2903,INVESTRUST,INVE,75.77,322.13,107.37666666666667,0.0,0,0,0,0.0,0.0,0.0,0.0,0.0,322.13
C00003,2024-06-01,2024-06-30,12,M,Copperbelt,Kabwe,Zambia,8140.49,2809.96,6768.29,Nurse,CONTRACT,ACTIVE,SME,LOW,784.25,A,B,AGENT,,5,1,1,1,1,0,1,1,40,0,3,3,0.0,2966.64,2966.64,1337.64,0,3,988.88,0.0,1090.4,0.0,1876.24,0.0,-785.84,0.5811623246492986,21.965,,,84.87,240.76,80.25333333333333,0.0,1,0,1,0.0,0.0,92.22,92.22,0.0,240.76
C00004,2024-06-01,2024-06-30,76,M,Copperbelt,Kabwe,Zambia,13482.32,2654.05,12336.07,Farmer,CONTRACT,ACTIVE,SME,LOW,283.24,A,B,MOBILE,,5,0,1,1,0,0,2,0,149,0,0,1,0.0,0.0,2258.39,2258.39,0,0,2258.39,0.0,0.0,0.0,0.0,0.0,0.0,,18.1774,INVESTRUST,INVE,84.93,356.1,118.7,0.0,0,0,0,0.0,0.0,207.33,207.33,0.0,356.1
C00005,2024-06-01,2024-06-30,104,F,Copperbelt,Kabwe,Zambia,5679.59,2041.44,4430.94,Nurse,CASUAL,ON_LEAVE,MASS,MEDIUM,818.26,D,D,MOBILE,,1,1,0,0,1,0,0,0,1,4,6,7,6128.5,8805.68,13726.16,4920.48,4,6,1960.8799999999999,1283.53,2064.01,4844.97,6741.67,-3561.44,-4677.66,0.3061570797740026,8.0513,,,69.75,122.95,61.475,0.0,0,0,0,0.0,0.0,333.82,333.82,0.0,122.95
C00006,2024-06-01,2024-06-30,96,M,Northern,Solwezi,Zambia,6108.99,2737.88,4713.95,Driver,CONTRACT,ACTIVE,MASS,MEDIUM,714.88,C,D,BRANCH,CAMP08,4,0,1,1,0,1,0,0,2,3,5,6,6800.9,9752.95,10471.74,3860.49,3,5,1745.29,3939.68,5885.7,2861.22,3867.25,1078.46,2018.45,1.5219341909625703,15.6594,INVESTRUST,INVE,148.32,300.11,100.03666666666666,0.0,0,0,0,0.0,0.0,157.98,157.98,0.0,300.11
C00007,2024-06-01,2024-06-30,104,M,Lusaka,Kabwe,Zambia,13177.78,207.64,10965.12,Engineer,CONTRACT,ON_LEAVE,MASS,MEDIUM,490.88,A,A,MOBILE,CAMP03,3,0,1,0,0,0,2,0,40,0,3,3,0.0,5453.72,5453.72,2171.63,0,3,1817.9066666666668,0.0,3842.03,0.0,1611.69,0.0,2230.34,2.3838517332737683,18.519,,,137.02,312.3,104.1,0.0,1,1,0,0.0,0.0,0.0,0.0,0.0,312.3
C00008,2024-06-01,2024-06-30,105,F,Lusaka,Ndola,Zambia,7168.04,1014.26,6365.5,Trader,CONTRACT,ACTIVE,AFFLUENT,HIGH,704.21,B,B,MOBILE,CAMP02,8,1,1,2,1,1,2,0,149,0,0,2,0.0,0.0,3769.58,2348.07,0,0,1884.79,0.0,0.0,0.0,0.0,0.0,0.0,,25.7488,,,149.63,368.09,122.69666666666667,0.0,1,0,1,0.0,0.0,13.05,13.05,0.0,368.09
C00009,2024-06-01,2024-06-30,37,M,Eastern,Ndola,Zambia,4169.49,1976.95,3914.5,Clerk,CASUAL,ON_LEAVE,SME,LOW,511.32,C,,AGENT,CAMP07,4,0,0,2,0,1,0,0,4,4,6,7,22967.66,26622.28,28493.86,15327.45,4,6,4070.5514285714285,7640.21,7640.21,15327.45,18982.07,-7687.24,-11341.86,0.4024961450463516,13.8674,STANBIC,STAN,55.78,178.02,89.01,0.0,1,0,1,0.0,0.0,202.05,202.05,0.0,178.02
C00010,2024-06-01,2024-06-30,130,M,Southern,Livingstone,Zambia,7745.55,2769.8,6971.4,Farmer,PERMANENT,ACTIVE,RETAIL,MEDIUM,682.57,A,B,ONLINE,,2,1,0,0,1,0,1,0,3,2,4,5,5021.73,9783.89,12681.0,3999.27,2,4,2536.2,3999.27,6280.74,1022.46,3503.15,2976.81,2777.59,1.792883547664245,25.9782,FNB,FNB,69.05,159.25,79.625,0.0,1,0,1,0.0,0.0,142.82,142.82,0.0,159.25
C00011,2024-06-01,2024-06-30,38,F,Southern,Livingstone,Zambia,18021.6,2191.52,18018.21,Farmer,CONTRACT,ACTIVE,YOUTH,MEDIUM,271.0,D,C,BRANCH,,4,0,0,1,0,1,1,1,40,0,3,3,0.0,7217.79,7217.79,3474.35,0,3,2405.93,0.0,3474.35,0.0,3743.44,0.0,-269.09,0.9281169191973159,25.0667,FNB,FNB,146.8,191.6,95.8,0.0,1,0,1,0.0,0.0,164.36,164.36,0.0,191.6
C00012,2024-06-01,2024-06-30,9,M,Northern,Lusaka,Zambia,17529.89,705.61,16189.76,Nurse,CONTRACT,ACTIVE,SME,LOW,140.11,D,C,CALL_CENTRE,,2,0,2,0,0,0,0,0,149,0,0,2,0.0,0.0,5697.05,3620.36,0,0,2848.525,0.0,0.0,0.0,0.0,0.0,0.0,,24.6568,STANBIC,STAN,97.31,200.59,100.295,0.0,0,0,0,0.0,0.0,114.94,114.94,0.0,200.59
C00013,2024-06-01,2024-06-30,129,F,Lusaka,Lusaka,Zambia,12540.57,2995.36,12177.16,Nurse,PERMANENT,ACTIVE,SME,LOW,635.78,C,B,ONLINE,CAMP06,5,0,1,1,0,1,1,0,5,4,6,7,4149.13,9960.13,11543.55,4872.76,4,6,1649.0785714285714,373.45,6184.45,3775.68,3775.68,-3402.23,2408.77,1.6379698491397576,20.9268,INVESTRUST,INVE,136.9,225.75,112.875,0.0,1,0,1,0.0,0.0,0.0,0.0,0.0,225.75
C00014,2024-06-01,2024-06-30,61,M,Copperbelt,Kitwe,Zambia,4654.86,321.11,3769.31,Engineer,SELF_EMPLOYED,ACTIVE,SME,MEDIUM,226.2,E,C,MOBILE,CAMP08,7,0,2,2,0,1,2,0,3,3,5,6,5892.17,20570.81,23694.9,12398.65,3,5,3949.15,1476.12,3756.11,4416.05,16814.7,-2939.93,-13058.59,0.2233825164885487,18.0359,STANBIC,STAN,121.61,175.24,58.413333333333334,0.0,1,1,0,0.0,0.0,320.07,320.07,0.0,175.24
C00015,2024-06-01,2024-06-30,46,F,Copperbelt,Kabwe,Zambia,24535.35,484.75,19867.07,Farmer,CASUAL,ACTIVE,MASS,MEDIUM,300.9,A,,BRANCH,CAMP05,5,1,2,1,1,0,0,1,40,0,3,3,0.0,13899.41,13899.41,10398.61,0,3,4633.136666666666,0.0,502.07,0.0,13397.34,0.0,-12895.27,0.03747534958432047,23.8136,INVESTRUST,INVE,124.25,278.92,92.97333333333333,0.0,0,0,0,0.0,0.0,0.0,0.0,0.0,278.92
